<?xml version="1.0" encoding="UTF-8" standalone="yes"?>
<addon id="repository.wizardk2" name="[COLOR lime]Repositorio WizardK2[/COLOR] Repo" version="1.6" provider-name="WizardK2">
    <extension point="xbmc.addon.repository" name="Mi repositorio">
        <info>https://raw.githubusercontent.com/KWIZARDK/miwizard/master/addons.xml</info>
        <checksum>https://raw.githubusercontent.com/KWIZARDK/miwizard/master/addons.xml.md5</checksum>
        <datadir zip="true">https://raw.githubusercontent.com/KWIZARDK/miwizard/master</datadir>
    </extension>
    <extension point="xbmc.addon.metadata">
        <summary>Repositorio WizardK2</summary>
        <description></description>
        <disclaimer></disclaimer>
        <platform>all</platform>
    </extension>
</addon>
