<?xml version="1.0" encoding="UTF-8" standalone="yes"?>
<addon id="repository.wizardk" name="wizardk official Repo" version="1.1.0" provider-name="WizardK">
	<extension point="xbmc.addon.repository" name="WizardK official Repo">
		<info compressed="false">https://raw.githubusercontent.com/KWIZARDK/repowizard/master/addons.xml</info>
		<checksum>https://raw.githubusercontent.com/KWIZARDK/repowizard/master/addons.xml.md5</checksum>
		<datadir zip="true">https://raw.githubusercontent.com/KWIZARDK/repowizard/master</datadir>
	</extension>
	<extension point="xbmc.addon.metadata">
		<summary>WizardK official Repo</summary>
   		<description lang="en">Instala los Addons de WizardK.</description>
		<disclaimer></disclaimer>
		<platform>all</platform>
	</extension>
</addon>