<?xml version="1.0" encoding="UTF-8" standalone="yes"?>
<addon id="plugin.program.wizardk" name="wizardk" version="2.0.0" provider-name="wizardk">
  <requires>
    <import addon="xbmc.python" version="2.1.0"/>
  </requires>
  <extension point="xbmc.python.pluginsource" library="default.py">
        <provides>executable</provides>
  </extension>
  <extension point="xbmc.addon.metadata">
    <summary lang="en">wizardk</summary>
    <description lang="en">Instalador WizardK
</description>
    <platform>all</platform>
  </extension>
</addon>
